{"source_pts": [[0.610219158537609, 1.2034883435683181, 1.990017749334042, 1.070817703078537, 0.999976700078832, 0.6531024703755843, 1.5970266475792627, 0.22531359592050348, -0.3737531294128078, -0.8968291294447608, -0.6176637412965293, 0.2767222531912308, -0.05799154187020883, 0.14844552497041286, 0.010515318435817544], [1.1578365647876843, 2.611658913371239, 2.007572543319342, 2.4738164254810098, 1.905198712260348, 1.8924391517002632, 2.4844339358290677, 0.35160731628491493, 0.8663676750565799, -0.28916098159229175, -0.6215666116001675, 0.11325711078260658, -0.1317041163578705, 0.8193534340547017, -0.7359283579727587], [0.0, 0.0, 0.0, 0.0, 0.0, 0.0, 0.0, 0.0, 0.0, 0.0, 0.0, 0.0, 0.0, 0.0, 0.0]], "target_pts": [[-0.09425009263462725, 0.06701815789366594, 0.07961506999074541, -0.0068732521776671, -0.299676083973877, -0.35528225757237775, 0.3198827997313307, -0.2849631294203032, -0.4129615332067744, -0.4674745133038305, -0.38240368974313643, -0.16923659035136418, -0.2886201777884223, 0.6946936673172093, 0.6016461688160368], [0.36580573883813683, -0.067051108958184, 0.7647081121139903, -0.42509602318589135, -0.7427686129693079, 0.3178893276266084, -0.8711161520806414, 0.38511448557008143, 0.7959213147825426, 0.009056805147686697, 0.4071157966099457, -0.3213506007972069, 0.5763961530475739, 0.7054028607810803, -0.6828708394311491], [0.0, 0.0, 0.0, 0.0, 0.0, 0.0, 0.0, 0.0, 0.0, 0.0, 0.0, 0.0, 0.0, 0.0, 0.0]], "correspondences": [6, 12, 13, 7, 1, 11, 2], "src_to_tgt": [[0.7071067811865477, -0.7071067811865475, 0.0, 0.7071067811865475], [0.7071067811865475, 0.7071067811865476, 0.0, -2.121320343559643], [0.0, 0.0, 1.0, 0.0], [0.0, 0.0, 0.0, 1.0]]}